KTOKD,KUNNR,BUKRS,VKORG,VTWEG,SPART,LAND1,NAME1,NAME2,ORT01,PSTLZ,REGIO,SORTL,STRAS,TELF1,AUFSD,ERDAT,ERNAM,LIFNR,LIFSD,LOEVM,NAME3,NAME4,COUNC,CITYC,SPERR,SPRAS,STCD1,STCD2,LZONE,XZEMP,VBUND,STCEG,KATR1,KATR2,KATR3,KATR4,KATR5,KATR6,KATR7,KATR8,KATR9,KATR10,TXJCD,KDKG1,KDKG2,KDKG3,KDKG4,KDKG5,STCD5
1,1,G100,G100,20,10,ZZ,ZZZ ZZZZÑZZZ Z Z,,ZZZZZZ,28100,28,ZZZ ZZZZÑZ,"""Z.Z.ZZZZZZZZZZ Z/.ZZZZZZZZZ, 4""",999990990,,,,,,,,,,,,EN,Z28190551,,1,,,ZZZ28190551,,,,,,,,,,,,,,,,,
1,3,G100,G100,20,10,ZZ,ZZZZZZZZZ ZZZZZZ Z Z,,ZZZZZZZ,1013,1,ZZZZZZZZZ,"""ZZZZZ.ZZZ.ZZZZÑZ- Z/ZZZZZZZZZZ, 8""",999999999,,,,,,,,,,,,EN,Z01015999,,1,,,ZZZ01015999,,,,,,,,,,,,,,,,,
1,7,G100,G100,20,10,ZZ,ZZZZZZZZZZZ ZZZZZZ Z Z,,ZZZZZZZ ZZZ ZZZZZZ,8210,8,ZZZZZZZZZZ,Z/ZZZZZZZZZZ Zº2 ZZZ.ZZZ.ZZZZZZZ,999999990,,,,,,,,,,,,EN,Z58382516,,1,,,ZZZ58382516,,,,,,,,,,,,,,,,,
1,30,G100,G100,20,10,ZZ,ZZZZZZ ZZZZZZZZ Z Z,,ZZZZZZZZZZ,2520,2,ZZZZZZ ZZZ,ZZZ.ZZZZZZZ ZZ.528-Z.Z.ZZZZZZZZZZZ,999999099,,,,,,,,,,,,EN,Z02001980,,1,,,ZZZ02001980,,,,,,,,,,,,,,,,,
1,31,G100,G100,20,10,ZZ,ZZZZ Z Z,,ZZZZZZZZ,31001,31,"""ZZZZ, Z.Z",ZZZZZZZZZZ 3,,,,,,,,,,,,,EN,Z31072440,,1,,,ZZZ31072440,,,,,,,,,,,,,,,,,
1,39,G100,G100,20,10,ZZ,ZZZZZZZZZ ZZZZZ Z Z,,ZZZZZZ,2400,2,ZZZZZZZZZ,"""ZZZ ZZZZ ZZ ZZZZ, 7""",999909999,,,,,,,,,,,,EN,Z02016855,,1,,,ZZZ02016855,,,,,,,,,,,,,,,,,
1,45,G100,G100,20,10,ZZ,ZZZZZZZZZ ZZZZZZ ZZZZZZZZ Z Z,,ZZZZZZ ZZ ZZZZZZ,19300,19,ZZZZZZZZZ,"""ZZZZZZZZZ ZZZ ZZZZZZZZZ, Z/Zº.""",999999999,,,,,,,,,,,,EN,Z19020718,,1,,,ZZZ19020718,,,,,,,,,,,,,,,,,
1,46,G100,G100,20,10,ZZ,ZZZZZZ ZZZZ Z Z,,ZZ ZZZZ,2630,2,ZZZZZZ ZZZ,"""ZZZZZZZZ, 139""",999990909,,,,,,,,,,,,EN,Z02004810,,1,,,ZZZ02004810,,,,,,,,,,,,,,,,,
1,47,G100,G100,20,10,ZZ,ZZZZZZZZZ ZZZZZZZZZ Z Z,,ZZ ZZZZ,2630,2,ZZZZZZZZZ,"""ZZZZ. ZZ ZZZZZZZZZZZ, Z/Z""",999999999,,,,,,,,,,,,EN,Z02006617,,1,,,ZZZ02006617,,,,,,,,,,,,,,,,,
1,48,G100,G100,20,10,ZZ,ZZZZZZZZ ZZZZZZ ZZZZZZZ,,ZZZZZZZZZZZ,46837,46,ZZZZZZZZ,ZZZZZ ZZ ZZ ZZ 42,,,,,,,,,,,,,EN,20405695Z,,1,,,ZZ20405695Z,,,,,,,,,,,,,,,,,
1,51,G100,G100,20,10,ZZ,ZZZZZZZZZZZ,,ZZZZZZZZ,46014,46,ZZZZZZZZZZ,"""ZZZZZZZZZZZZ,10""",999999090,,,,,,,,,,,,EN,Z96352455,,1,,,ZZZ96352455,,,,,,,,,,,,,,,,,
1,53,G100,G100,20,10,ZZ,ZZZZZZZ Z Z,,ZZZZZ (ZZZ ZZZZZZ ZZ ZZZZ ZZZZZZZ),35219,35,ZZZZZZZ,"""Z.Z ZZ ZZZZ Z/ ZZZZZZZZ ZZZZZ, Z/Z",999900999,,,,,,,,,,,,EN,Z35105055,,1,,,ZZZ35105055,,,,,,,,,,,,,,,,,
1,55,G100,G100,20,10,ZZ,ZZZZZZZ ZZZZZZ Z Z,,ZZZZZZZZ,3001,3,ZZZZZZZ ZZ,"""ZZZ ZZZZZZZZZ, 30""",999909999,,,,,,,,,,,,EN,Z03035391,,1,,,ZZZ03035391,,,,,,,,,,,,,,,,,
1,62,G100,G100,20,10,ZZ,ZZZZZ ZZZZZZZ ZZZZZ,,ZZZZZZZZ,3001,3,ZZZZZ ZZZZ,"""ZZZZZZZ Z ZZ ZZZZZ, 45""",999999099,,,,,,,,,,,,EN,21347565Z,,1,,,ZZ21347565Z,,,,,,,,,,,,,,,,,
1,83,G100,G100,20,10,ZZ,ZZZZZZZ ZZ ZZZZ Z ZZZZ Z Z,,ZZZZZZ,28020,28,ZZZZZZZ ZZ,"""ZZZZZZ, 68-2º ZZZZZ""",999999999,,,,,,,,,,,,EN,Z81246100,,1,,,ZZZ81246100,,,,,,,,,,,,,,,,,
1,84,G100,G100,20,10,ZZ,ZZZZZZ ZZZZZ ZZZZZZ,,ZZZZZZZ,31300,31,ZZZZZZ ZZZ,"""ZZZZZZ ZZZZZZZZ, 7""",,,,,,,,,,,,,EN,15719005Z,,1,,,ZZ15719005Z,,,,,,,,,,,,,,,,,
1,86,G100,G100,20,10,ZZ,ZZZZZZZZ Z ZZZZZ ZZZZZZZ Z Z,,ZZZZ ZZ ZZZZZ (ZZZZZZZZ),3839,3,ZZZZZZZZ Z,ZZZZ.ZZZZ-ZZZZ ZZ.3,999999999,,,,,,,,,,,,EN,Z03258993,,1,,,ZZZ03258993,,,,,,,,,,,,,,,,,
1,94,G100,G100,20,10,ZZ,ZZZZZZZZZZZZZ ZZZZZZ Z Z,,ZZZZ ZZZZZZZ ZZ ZZZZZ,8272,8,ZZZZZZZZZZ,"""ZZZZZZZZZ ZZZZZZZ-ZZZZZ ZZ.2,7""",999999099,,,,,,,,,,,,EN,Z08612103,,1,,,ZZZ08612103,,,,,,,,,,,,,,,,,
1,105,G100,G100,20,10,ZZ,ZZZZZZ ZZZZZZZ ZZZZZZZ,,ZZZZZZZZ,3010,3,ZZZZZZ ZZZ,ZZZZ.ZZZZZZ ZZZZZ Zº 2 ZZZ.4-4º Z,,,,,,,,,,,,,EN,,,1,,,,,,,,,,,,,,,,,,,,
1,106,G100,G100,20,10,ZZ,ZZZZZZZZZZ ZZZZZZ Za ZZZZZ,,ZZZZZZZZZ,20500,20,ZZZZZZZZZZ,"""ZZZZZZ ZZZZZ, 10""",999999990,,,,,,,,,,,,EN,72562228Z,,1,,,ZZ72562228Z,,,,,,,,,,,,,,,,,
1,113,G100,G100,20,10,ZZ,ZZZZ ZZZZZZ Z Z ZZZZ ZZZZZ,,ZZZZZZZZ,31014,31,ZZZZ ZZZZZ,"""ZZZZZZ, 7""",999990099,,,,,,,,,,,,EN,Z31246036,,1,,,ZZZ31246036,,,,,,,,,,,,,,,,,
1,114,G100,G100,20,10,ZZ,ZZZZZZ ZZÑZZZ ZZZZZ,,ZZZZZZ,31151,31,ZZZZZZ ZZÑ,"""ZZZZZZ ZZZZZZ ZZ ZZZZZ, Z/Zº.""",999999999,,,,,,,,,,,,EN,15805965Z,,1,,,ZZ15805965Z,,,,,,,,,,,,,,,,,
1,125,G100,G100,20,10,ZZ,ZZZZZZZZZ ZZZZZZ Z Z,,ZZZZZZZZZZZ (ZZZZZZ),32102,32,ZZZZZZZZZ,ZZZZ. ZZ ZZZZZZZZ ZZ.250,999999099,,,,,,,,,,,,EN,Z32175986,,1,,,ZZZ32175986,,,,,,,,,,,,,,,,,
1,129,G100,G100,20,10,ZZ,ZZZZZZZZ ZZZZZZZZ ZZZZ ZZZZZ,,ZZZZZZZZ,31012,31,ZZZZZZZZ Z,"""ZZZZZZ ZZZZZ, 5""",,,,,,,,,,,,,EN,15755167Z,,1,,,ZZ15755167Z,,,,,,,,,,,,,,,,,
1,136,G100,G100,20,10,ZZ,ZZZZZZZZZZZZ ZZZZZ Z Z,,ZZZZZZ,32002,32,ZZZZZZZZZZ,"""ZZZZZZZZZ, 10 (ZZ ZZZZZ)""",,,,,,,,,,,,,EN,Z32155905,,1,,,ZZZ32155905,,,,,,,,,,,,,,,,,
1,137,G100,G100,20,10,ZZ,ZZZZZZZ Z Z,,Z'ZZZZZZZZZZ,8908,8,"""ZZZZZZZ,","""Z/ ZZ ZZZ ZZZZZZZZ, 135""",999999000,,,,,,,,,,,,EN,Z08115032,,1,,,ZZZ08115032,,,,,,,,,,,,,,,,,
1,152,G100,G100,20,10,ZZ,ZZZZZZ,,ZZZZZZ,48004,48,ZZZZZZ,"""ZZZZ ZZZZZZZ ZZZZZZZZZ, 4""",999999990,,,,,,,,,,,,EN,Z48132658,,1,,,ZZZ48132658,,,,,,,,,,,,,,,,,
1,155,G100,G100,20,10,ZZ,ZZZZZZZZZ ZZZ ZZ ZZZZZZZZZZ ZZ,,ZZZZZZZ,28915,28,ZZZZZZZZZ,"""ZZZZZZZZ, 61 ZZZZZ""",999999999,,,,,,,,,,,,EN,Z81613911,,1,,,ZZZ81613911,,,,,,,,,,,,,,,,,
1,176,G100,G100,20,10,ZZ,ZZZZZZ Z Z,,ZZZZZZZZZ,48960,48,"""ZZZZZZ, Z",ZZZ.ZZZZZZZZ ZZZZZZ. Z 152 ZZZZ.3,999999990,,,,,,,,,,,,EN,Z48416168,,1,,,ZZZ48416168,,,,,,,,,,,,,,,,,
1,181,G100,G100,20,10,ZZ,ZZZZZZZZZ ZZZZZZZZZZZZ Z Z,,ZZZZZZ ZZZZ,13002,13,ZZZZZZZZZ,"""ZZZZZZZZZ ZZZZZZZ, Z/Zº.""",999990999,,,,,,,,,,,,EN,Z13202460,,1,,,ZZZ13202460,,,,,,,,,,,,,,,,,
1,192,G100,G100,20,10,ZZ,ZZZZZ Z Z,,ZZZZZZZ ZZZZZZ,28909,28,"""ZZZZZ, Z.",ZZZZZZZZZZZ Z/Z Z.2-05 Z.Z.ZZZZZZZ,999999999,,,,,,,,,,,,EN,Z28786853,,1,,,ZZZ28786853,,,,,,,,,,,,,,,,,
1,194,G100,G100,20,10,ZZ,ZZZZZZ ZZZZZZZZ ZZZZ,,ZZZZZZZ,4003,4,ZZZZZZ ZZZ,"""ZZZZZZZ, 32""",,,,,,,,,,,,,EN,27253039Z,,1,,,ZZ27253039Z,,,,,,,,,,,,,,,,,
1,202,G100,G100,20,10,ZZ,ZZZZZZZZZ ZZZZZ Z Z,,ZZ ZZZZZZZ,5192,5,ZZZZZZZZZ,"""ZZZZZZZZZ ZZZZZZZZZZ ZZ.3,800""",990999990,,,,,,,,,,,,EN,Z05009006,,1,,,ZZZ05009006,,,,,,,,,,,,,,,,,
1,209,G100,G100,20,10,ZZ,ZZZZZZZZZ ZZZZZZZZZ ZZZZZZ,,ZZZ ZZZZZZZZZ,20010,20,ZZZZZZZZZ,"""ZZZZZ ZZZZZZZZZ, 1""",999999999,,,,,,,,,,,,EN,72862247Z,,1,,,ZZ72862247Z,,,,,,,,,,,,,,,,,
1,211,G100,G100,20,10,ZZ,ZZZZZZZZZ ZZZZZZ ZZZZZZZZ Z Z,,ZZZZZZZ,14014,14,ZZZZZZZZZ,"""Z.Z.ZZZ ZZZZZZZZ ZZZZZZZ, 102""",999999999,,,,,,,,,,,,EN,Z14068431,,1,,,ZZZ14068431,,,,,,,,,,,,,,,,,
1,215,G100,G100,20,10,ZZ,ZZZZZZZZ ZZZZZZZZZZ Z Z,,ZZZZZZZZZZ ZZ ZZZZZZZ,50830,50,ZZZZZZZZ Z,"""ZZZ.ZZZ.ZZZZZZZZZZ ZZ ZZZZZZZ, Z 4",999999900,,,,,,,,,,,,EN,Z50004324,,1,,,ZZZ50004324,,,,,,,,,,,,,,,,,
1,217,G100,G100,20,10,ZZ,ZZZZZZZZZZ Z Z,,ZZZZZZZZ,30560,30,ZZZZZZZZZZ,"""ZZZZ.ZZZZZZZZ-ZZZZZZ ZZ.2,300""",909999999,,,,,,,,,,,,EN,Z30469399,,1,,,ZZZ30469399,,,,,,,,,,,,,,,,,
1,220,G100,G100,20,10,ZZ,ZZZZZ ZZZZZZ ZZZZ ZZZZZZZ,,ZZZZZZZZ,3340,3,ZZZZZ ZZZZ,"""ZZZZZZZZZ, 2""",,,,,,,,,,,,,EN,74157601Z,,1,,,ZZ74157601Z,,,,,,,,,,,,,,,,,
1,221,G100,G100,20,10,ZZ,Z Z ZZZZZZZZZ ZZZZ ZZZZZZ,,ZZZZZZ,28906,28,ZZZZZZZZZ,"""Z.Z.Z.-ZZ.ZZZZZZZZ ZZ ZZ.16,500""",999999999,,,,,,,,,,,,EN,Z28425270,,1,,,ZZZ28425270,,,,,,,,,,,,,,,,,
1,238,G100,G100,20,10,ZZ,ZZÑZZZZZ ZZZZZZ ZZZZ,,ZZZZZZ,2400,2,ZZÑZZZZZ Z,"""ZZZZZZZZ ZZZZZZZ ZZZZZZ, 13""",9999099999,,,,,,,,,,,,EN,52751770Z,,1,,,ZZ52751770Z,,,,,,,,,,,,,,,,,
1,241,G100,G100,20,10,ZZ,Z Z ZZZZZZZZZ Z Z ZZZZZ ZZ,,ZZZZZ ZZ ZZZZZZZZ,7015,7,ZZZZZZZZZ,"""ZZZZ.ZZZZZZZ ZZZZ, 54""",999909990,,,,,,,,,,,,EN,Z28425270,,1,,,ZZZ28425270,,,,,,,,,,,,,,,,,
1,258,G100,G100,20,10,ZZ,ZZZZZ ZZZZZZZZ ZZZZ,,ZZZZZZZ,41010,41,ZZZZZ ZZZZ,"""ZZZ ZZZZZZZ ZZZZ, 10-ZZZZ 4-3º-Z""",,,,,,,,,,,,,EN,27765835Z,,1,,,ZZ27765835Z,,,,,,,,,,,,,,,,,
1,266,G100,G100,20,10,ZZ,ZZZZZ ZZZZZZZ ZZZ ZZZZZZ,,ZZZZZZ,48012,48,ZZZZZ ZZZZ,"""ZZZZZZZ ZZ ZZZZ, 4-2º""",,,,,,,,,,,,,EN,30556585Z,,1,,,ZZ30556585Z,,,,,,,,,,,,,,,,,
1,270,G100,G100,20,10,ZZ,ZZZZZZZ ZZZZ Z Z,,ZZZZZZZZZZ,7760,7,ZZZZZZZ ZZ,"""ZZZZ.ZZZZZZZZZZ ZZ.0,200""",999999999,,,,,,,,,,,,EN,Z07814015,,1,,,ZZZ07814015,,,,,,,,,,,,,,,,,
1,272,G100,G100,20,10,ZZ,ZZZZZ ZZZZZZZZ ZZZZZZZ Z Z,,ZZZZZZZZZZ (ZZZZZZZZZ),8193,8,ZZZZZ ZZZZ,ZZZZZZZZ ZZZZZZ Zº 73,999999999,,,,,,,,,,,,EN,Z59450288,,1,,,ZZZ59450288,,,,,,,,,,,,,,,,,
1,292,G100,G100,20,10,ZZ,ZZZZZZ ZZZZZZZ ZZZZ,,ZZ ZZZZZZZZ,33930,33,ZZZZZZ ZZZ,"""ZZZZZ ZZZZZZZ, 2""",,,,,,,,,,,,,EN,10485695Z,,1,,,ZZ10485695Z,,,,,,,,,,,,,,,,,
1,299,G100,G100,20,10,ZZ,ZZZZZZZZZZZZ ZZZ ZZZZZZZZ Z Z,,ZZ ZZZZZ,4700,4,ZZZZZZZZZZ,"""ZZZZZZZZZ ZZZZZZZZZ, Z/Zº.""",990999990,,,,,,,,,,,,EN,Z04189601,,1,,,ZZZ04189601,,,,,,,,,,,,,,,,,
1,305,G100,G100,20,10,ZZ,ZZZZZZZ ZZZZZZ ZZZZZ,,ZZZZZ,33204,33,ZZZZZZZ ZZ,"""ZZZZ.ZZZZZZZZ ZZZZZZZZZZ, 55""",999999999,,,,,,,,,,,,EN,10315421Z,,1,,,ZZ10315421Z,,,,,,,,,,,,,,,,,
1,314,G100,G100,20,10,ZZ,Z Z ZZZZZZZ Z Z,,ZZZZZZZZZZZ ZZ ZZZZZ,36600,36,Z.Z. ZZZZZ,"""ZZZZ.ZZZZZZZZZZ, 96""",999999999,,,,,,,,,,,,EN,Z36263861,,1,,,ZZZ36263861,,,,,,,,,,,,,,,,,
1,315,G100,G100,20,10,ZZ,ZZZZZZ ZZZZZ ZZZZZZ ZZZZZZZ,,ZZZZZ,33201,33,ZZZZZZ ZZZ,"""ZZZZZZ, 3-5""",,,,,,,,,,,,,EN,10797850Z,,1,,,ZZ10797850Z,,,,,,,,,,,,,,,,,
1,326,G100,G100,20,10,ZZ,ZZZ 4 Z 4 Z Z,,ZZZZZZZ,41000,41,"""ZZZ 4 Z 4",ZZZZZZZZ ZZZZZZZ - ZZZZZZ 12,,,,,,,,,,,,,EN,,,1,,,,,,,,,,,,,,,,,,,,
1,327,G100,G100,20,10,ZZ,ZZZZZZZ 6 Z Z Z,,ZZZ ZZZZZZ,37796,37,"""ZZZZZZZ-6",ZZZZZZZZZ ZZ ZZZZZ ZZ.5,999999999,,,,,,,,,,,,EN,Z37314101,,1,,,ZZZ37314101,,,,,,,,,,,,,,,,,
1,337,G100,G100,20,10,ZZ,ZZZZ ZZZZZZZZZZZ ZZZ ZZZZZZZ,,ZZZZZZZ,23740,23,ZZZZ.ZZZZZ,ZZZZZZZZZ ZZZZZZ-ZZZZZ ZZ.323,,,,,,,,,,,,,EN,Z23015845,,1,,,ZZZ23015845,,,,,,,,,,,,,,,,,
1,359,G100,G100,20,10,ZZ,ZZZZZZZZZZ ZZ ZZ ZZZZZZ Z Z,,ZZZZZZZZZZ,24400,24,ZZZZZZZZZZ,"""ZZZZZ ZZZ ZZZZZZZ, 13""",999999999,1,,,,1,,,,,,,EN,Z24255465,,1,,,ZZZ24255465,,,,,,,,,,,,,,,,,
1,363,G100,G100,20,10,ZZ,ZZZZZZ Z Z,,ZZZZZZZZZ,29200,29,"""ZZZZZZ, Z","""ZZZ.ZZZ.Z/.ZZZZZ ZZ ZZZZZ, 13""",999999999,,,,,,,,,,,,EN,Z29411212,,1,,,ZZZ29411212,,,,,,,,,,,,,,,,,
1,367,G100,G100,20,10,ZZ,ZZZZ ZZZZ ZZZZZ Z Z,,ZZZZZZZ,41007,41,ZZZZ ZZZZ,"""ZZZZ.ZZ ZZ ZZZZZZ,9-Z.Z.ZZ.ZZZZZZZ",999990900,,,,,,,,,,,,EN,Z41696949,,Z110,,,ZZZ41696949,,,,,,,,,,,,,,,,,
1,368,G100,G100,20,10,ZZ,ZZZZZZZZZ ZZZZZZZZZZZZ Z Z,,ZZZZZZZZZ,8013,8,ZZZZZZZZZ,"""ZZZZZZ ZZZZZ,101-103""",999999999,,,,,,,,,,,,EN,Z08173395,,1,,,ZZZ08173395,,,,,,,,,,,,,,,,,
1,370,G100,G100,20,10,ZZ,ZZZZZ ZZZZZZZZ Z Z,,ZZZZZZZZZZZ,46837,46,ZZZZZ ZZZZ,"""Z/ ZZZ ZZZZ, 76""",999999999,,,,,,,,,,,,EN,Z96849930,,1,,,ZZZ96849930,,,,,,,,,,,,,,,,,
1,379,G100,G100,20,10,ZZ,Z Z ZZZZZZZZZ Z Z,,ZZZZZ (ZZZZZZ),28980,28,ZZZZZZZZZ,ZZZZZZZZZ Z.Z. ZZZZZZ ZZZ ZZZZZ,999999999,,,,,,,,,,,,EN,Z28425270,,1,,,ZZZ28425270,,,,,,,,,,,,,,,,,
1,381,G100,G100,20,10,ZZ,ZZZZZZZZ ZZZZZ ZZZZ ZZZZ,,ZZZZZZZZ,3340,3,ZZZZZZZZ Z,"""ZZZZZ ZZZZZ, 22""",999999099,,,,,,,,,,,,EN,21991532Z,,1,,,ZZ21991532Z,,,,,,,,,,,,,,,,,
1,383,G100,G100,20,10,ZZ,ZZZZZZZ ZZZZZZZZ ZZZZZZÑZ Z Z,,ZZZZZZZZ,8734,8,ZZZZZZZ ZZ,"""ZZZZZZZZ,13-15-Z.ZZZ.Z.ZZZZ ZZZZZZ",999999999,,,,,,,,,,,,EN,Z59320143,,1,,,ZZZ59320143,,,,,,,,,,,,,,,,,
1,391,G100,G100,20,10,ZZ,ZZZZZZ Z Z,,ZZZZZZZZ,8915,8,"""ZZZZZZ, Z","""ZZZZZZ, 23""",999909999,,,,,,,,,,,,EN,Z60306362,,1,,,ZZZ60306362,,,,,,,,,,,,,,,,,
1,398,G100,G100,20,10,ZZ,ZZZZZ ZZZZZZZZ,,ZZZ ZZZZZZ ZZ ZZZZ ZZZZZZZ,35219,35,ZZZZZ ZZZZ,ZZZZZZZZZZZZ ZZZZZZZZZZ ZZ ZZZZ,999990090,,,,,,,,,,,,EN,Z08389363,,1,,,ZZZ08389363,,,,,,,,,,,,,,,,,
2,399,G100,G100,20,10,ZZ,ZZZZZ ZZZZZZZZ ZZZZZZZZ,,ZÜZZZZ (ZZZZZZZZ),38509,38,ZZZZZ ZZZZ,ZZZ. ZZZ. ZZZZZ ZZ ZÜZZZZ Z-19,,,,,,,,,,,,,EN,Z08389363,,Z110,,,ZZZ08389363,,,,,,,,,,,,,,,,,
1,400,G100,G100,20,10,ZZ,ZZZZ ZZZZZ Za ZZZZ,,ZZZZZZ,3100,3,ZZZZ ZZZZZ,"""ZZZZZZZZ,2""",999999909,,,,,,,,,,,,EN,,,1,,,,,,,,,,,,,,,,,,,,
1,410,G100,G100,20,10,ZZ,ZZZZZZ ZZZZZZZZZ Z Z Z 9094,,ZZZZZZZZZ,17469,17,ZZZZZZ ZZZ,ZZZZZZZ ZZZZZZZ ZZZZZZZZZZZZZ,999999000,,,,,,,,,,,,EN,Z17371758,,1,,,ZZZ17371758,,,,,,,,,,,,,,,,,
1,411,G100,G100,20,10,ZZ,ZZZZZZZZZZZZZ ZZZZÑZZ Z Z,,ZZZZZZZ-ZZZZZZZ,35118,35,ZZZZZZZZZZ,Z/ 6 Z-ZZZZª Z.Z. ZZ ZZZZZZZ,999999090,,,,,,,,,,,,EN,Z35329077,,1,,,ZZZ35329077,,,,,,,,,,,,,,,,,
1,413,G100,G100,20,10,ZZ,ZZZZZZZZZZZ Z Z,,ZZZZZZZZ - ZZZZZZZZZ,35550,35,ZZZZZZZZZZ,ZZZZ.ZZZ ZZZZZZZZZZ ZZ.4,999999999,,,,,,,,,,,,EN,Z35280726,,1,,,ZZZ35280726,,,,,,,,,,,,,,,,,
1,418,G100,G100,20,10,ZZ,ZZZ ZZZZ Z Z,,ZZZZZZ ZZ ZZZZZZZZ,8519,8,"""ZZZ ZZZZ,","""ZZZZ.ZZZZZZZZ, 152 ZZ. 80""",999909999,,,,,,,,,,,,EN,Z08665838,,1,,,ZZZ08665838,,,,,,,,,,,,,,,,,
1,440,G100,G100,20,10,ZZ,ZZZZ ZZZZ Z Z,,ZZZZZ ZZZZZZ ZZ ZZZZZZZZ,8922,8,"""ZZZZ ZZZZ","""ZZZ ZZZZZZ, 31""",999999999,,,,,,,,,,,,EN,Z59920439,,1,,,ZZZ59920439,,,,,,,,,,,,,,,,,
1,455,G100,G100,20,10,ZZ,ZZZZZ ZZZZZZZZ ZZZZZZZ,,ZZZZZZZZZ,8022,8,ZZZZZ ZZZZ,"""ZZZÇZ ZZZZZZZ ZZZZZZZZ, 5""",,,,,,,,,,,,,EN,37028685Z,,1,,,ZZ37028685Z,,,,,,,,,,,,,,,,,
1,462,G100,G100,20,10,ZZ,ZZZZZZ ZZZZZZ Z Z,,ZZZZZZ ZZ ZZZZZZZ -ZZZZZZ,33424,33,ZZZZZZ ZZZ,ZZZZZ.ZZ ZZZZZ-Z/.Z.ZZZZZZZ 8,999990990,,,,,,,,,,,,EN,Z33017971,,1,,,ZZZ33017971,,,,,,,,,,,,,,,,,
1,468,G100,G100,20,10,ZZ,ZZZZZZZZZ ZZZZZZZ Z Z,,ZZZZZ ZZZZ ZZ ZZZZZZZZ,38009,38,ZZZZZZZZZ,"""Z/ZZZZZZZZ ZZZZZZZZ,17 Z.Z.ZZZZZZZ",999909009,,,,,,,,,,,,EN,Z38025920,,1,,,ZZZ38025920,,,,,,,,,,,,,,,,,
1,470,G100,G100,20,10,ZZ,ZZZZZZZZZZZ ZZZZ ZZZZZZZZZ Z Z,,ZZZZZZ-ZZZZZZZ,33192,33,ZZZZZZZZZZ,ZZZZZZZZZ ZZZZZZ ZZZZZ,999999999,,,,,,,,,,,,EN,Z33009374,,1,,,ZZZ33009374,,,,,,,,,,,,,,,,,
1,477,G100,G100,20,10,ZZ,ZZZZZZ ZZZZZ Z Z,,ZZZZZZ,35412,35,ZZZZZZ ZZZ,"""ZZZ ZZZZZZZZZ, 46""",999-900999,,,,,,,,,,,,EN,Z35081850,,1,,,ZZZ35081850,,,,,,,,,,,,,,,,,
1,478,G100,G100,20,10,ZZ,ZZZZ ZZZZZZZ ZZZZZZZ Z Z,,ZZZZZZZZ-ZZZZZZZZZZZZZ,35627,35,ZZZZ ZZZZZ,ZZZZZZ ZZZZZZZ ZZZZZZZZZZ,999999999,,,,,,,,,,,,EN,Z35325422,,1,,,ZZZ35325422,,,,,,,,,,,,,,,,,
1,479,G100,G100,20,10,ZZ,ZZZZZZZ ZZZZZZZZ ZZZZZZZZZZZ,,ZZZZZZZZ-ZZZZZZZZZ,35500,35,ZZZZZZZ ZZ,"""ZZZZZZZZ, 9""",999-999909,,,,,,,,,,,,EN,Z35025634,,1,,,ZZZ35025634,,,,,,,,,,,,,,,,,
1,487,G100,G100,20,10,ZZ,ZZZZZZZZZ ZZZZZZZ Z Z,,ZZZ ZZZZZZZZZ ZZZZZZZZ,35100,35,ZZZZZZZZZ,ZZZZZZZ ZZZZ ZZZZZ ZZZZ,999999999,,,,,,,,,,,,EN,Z35416585,,1,,,ZZZ35416585,,,,,,,,,,,,,,,,,
1,489,G100,G100,20,10,ZZ,ZZZZZZ ZZZZ ZZZZZZZZ Z Z Z,,ZZZZ,36070,36,ZZZZZZ ZZZ,"""ZZZZÑZ ZZ ZZZZZZZZ, 13""",,,,,,,,,,,,,EN,Z36600583,,1,,,ZZZ36600583,,,,,,,,,,,,,,,,,
1,498,G100,G100,20,10,ZZ,Z Z ZZZZZZZZZ ZZZZ ZZZ,,ZZZ ZZZZZZZZ,41700,41,ZZZZZZZZZ,"""Z.ZZZ.ZZ ZZZZ-Z/.ZZZZ ZZZZZ,47-50""",999999999,,,,,,,,,,,,EN,Z28425270,,1,,,ZZZ28425270,,,,,,,,,,,,,,,,,
1,500,G100,G100,20,10,ZZ,ZZZZZZZZZ ZZ ZZZZZZZ ZZZZ Z Z,,ZZZZ,36202,36,ZZZZZZZZZ,"""ZZZZZZ, 26""",,,,,,,,,,,,,EN,Z36606671,,1,,,ZZZ36606671,,,,,,,,,,,,,,,,,
1,506,G100,G100,20,10,ZZ,Z Z ZZZZZZZZZ ZZZZ ZZZZZZZ,,ZZZZ ZZZZ ZZ ZZZZZ,46190,46,ZZZZZZZZZ,"""Z.Z.ZZZZ ZZ ZZZZ-ZZZZZZ,12-ZZZZ.Z/",999999909,,,,,,,,,,,,EN,Z28425270,,1,,,ZZZ28425270,,,,,,,,,,,,,,,,,
1,517,G100,G100,20,10,ZZ,Z Z ZZZZZZZZZ ZZZZ ZZZZZZZ,,ZZZZZZZZZZZZZ,8755,8,ZZZZZZZZZ,"""Z.Z.ZZZ ZZZZZZ-Z/.ZZZZZZZZZZZ,Z/Zº",,,,,,,,,,,,,EN,Z28425270,,1,,,ZZZ28425270,,,,,,,,,,,,,,,,,
1,518,G100,G100,20,10,ZZ,ZZZZZZ ZZZZZZZZZZ ZZZZZZ Z Z,,ZZZZZ,33208,33,ZZZZZZ.ZZZ,"""ZZZZ.ZZZZZZZ, 140""",999999999,,,,,,,,,,,,EN,Z33767161,,1,,,ZZZ33767161,,,,,,,,,,,,,,,,,
1,525,G100,G100,20,10,ZZ,ZZZZZZ Z Z,,ZZZZZZZZZ,8004,8,"""ZZZZZZ, Z","""ZZZZZ ZZZ ZZZZZ, Zº 3-ZZZZ ZZZZZZ""",999999999,,,,,,,,,,,,EN,Z08855843,,1,,,ZZZ08855843,,,,,,,,,,,,,,,,,
1,531,G100,G100,20,10,ZZ,ZZZZZZ ZZZZZZZZZZZZZ Z Z ZZZZZZZ,,ZZZZZZZZ ZZ ZZZZZZZZZ,8940,8,ZZZZZZZ,"""ZZ.ZZZZZZZZ,Z/Zº.(ZZZZZ 4 ZZZZZZZ)",999999099,,,,,,,,,,,,EN,Z20372223,,1,,,ZZZ20372223,,,,,,,,,,,,,,,,,
1,536,G100,G100,20,10,ZZ,ZZZZZZ Z Z,,ZZZZZZZZZZZ ZZ ZZZZZ,36600,36,"""ZZZZZZ, Z","""ZZZZZZZZZ ZZZZ, 17""",,,,,,,,,,,,,EN,Z36023224,,1,,,ZZZ36023224,,,,,,,,,,,,,,,,,
1,545,G100,G100,20,10,ZZ,Z Z ZZZZZZZZZ Z Z ZZZZZZZZ,,ZZZZZ ZZZZZ ZZZ ZZZ,38109,38,ZZZZZZZZZ,"""ZZZZZZZZZ ZZZ ZZZ ZZ. 6,9 ZZZ.ZZZZ",999-999099,,,,,,,,,,,,EN,Z28425270,,1,,,ZZZ28425270,,,,,,,,,,,,,,,,,
1,549,G100,G100,20,10,ZZ,ZZZ Z Z,,ZZZZZZZZ ZZ ZZZZZZZZZ,8940,8,"""ZZZ, Z.Z.","""ZZZZZZZ, 32 ZZZZ, 19""",999999999,,,,,,,,,,,,EN,Z58083619,,1,,,ZZZ58083619,,,,,,,,,,,,,,,,,
1,553,G100,G100,20,10,ZZ,ZZZZZZ ZZZZZZZZZZZZZ Z Z ZZZZZZZ,,ZZZZZZZZZ,43005,43,ZZZZZZ ZZZ,"""ZZZZZ Z ZZZZZZZZZ, Z/Zº.""",999990999,,,,,,,,,,,,EN,Z20372223,,1,,,ZZZ20372223,,,,,,,,,,,,,,,,,
1,565,G100,G100,20,10,ZZ,ZZZZZZ ZZZZ ZZZZZ,,ZZZZZZZZ,3012,3,ZZZZZZ ZZZ,"""ZZZ ZZZZZ, 45""",9999999,,,,,,,,,,,,EN,21486826Z,,1,,,ZZ21486826Z,,,,,,,,,,,,,,,,,
1,566,G100,G100,20,10,ZZ,ZZZZZZZZZ ZZ ZZZZZZZ Z Z,,ZZZZZZZZZ,37008,37,ZZZZZZZZZ,ZZZZZ.ZZ ZZZZZZZZ ZZZZZZZ 18 Z 47,999990099,,,,,,,,,,,,EN,Z37015989,,1,,,ZZZ37015989,,,,,,,,,,,,,,,,,
1,568,G100,G100,20,10,ZZ,ZZZZ ZZZZ Z Z,,ZZZZ ZZZZZ ZZ ZZZZZZZZZ,8980,8,"""ZZZZ-ZZZZ","""Z.ZZZZ,384-386(ZZZ.Z.ZZZZZZZZZZ)""",999999990,,,,,,,,,,,,EN,Z08424855,,1,,,ZZZ08424855,,,,,,,,,,,,,,,,,
1,574,G100,G100,20,10,ZZ,ZZZZZZZZZZZZ ZZZZZZZZZZZZZ Z Z,,ZZZZZZ,20400,20,ZZZZZZZZZZ,ZZZZZZZ Zº 17,999999999,,,,,,,,,,,,EN,15217597Z,,1,,,ZZ15217597Z,,,,,,,,,,,,,,,,,
1,577,G100,G100,20,10,ZZ,ZZZZZZZ ZZ ZZZZZZ,,ZZ ZZZZZZ,15407,15,ZZZZZZZ,ZZZZZ. ZZZ. ZZZZZZZZ ZZZZZZZ,999999999,,,,,,,,,,,,EN,Z28581882,,1,,,ZZZ28581882,,,,,,,,,,,,,,,,,
1,578,G100,G100,20,10,ZZ,ZZZZZZZ ZZZZZZZZ ZZ ZZZZZZZZZZ,,ZZZZZZZZ ZZ ZZZZZZZZZZ,15703,15,ZZZZZZZ,"""ZZZ ZZ ZZZZZ, Z/Zº.""",999999099,,,,,,,,,,,,EN,Z28581882,,1,,,ZZZ28581882,,,,,,,,,,,,,,,,,
1,580,G100,G100,20,10,ZZ,ZZZZZZZ ZZZZ ZZZ ZZ ZZZZZZZZZ,,ZZZZ ZZZ ZZ ZZZZZZZZZ,8830,8,ZZZZZZZ,"""ZZZZ.ZZ ZZ ZZZZZZ,Z/Zº.Z.Z.ZZZZZZZ",999909999,,,,,,,,,,,,EN,Z28581882,,1,,,ZZZ28581882,,,,,,,,,,,,,,,,,
1,581,G100,G100,20,10,ZZ,ZZZZZZZ ZZZZZZ ZZ ZZZZZZZ,,ZZZZZZ ZZ ZZZZZZZ,28805,28,ZZZZZZZ,ZZZZZZZ ZZZZZZ-ZZZZZZZZZ ZZ.34,999999990,,,,,,,,,,,,EN,Z28581882,,1,,,ZZZ28581882,,,,,,,,,,,,,,,,,
1,582,G100,G100,20,10,ZZ,ZZZZZZZ ZZZZZ,,ZZZZZ,33211,33,ZZZZZZZ,ZZZZ.ZZZ.630 ZZ.467,999999999,,,,,,,,,,,,EN,Z28581882,,1,,,ZZZ28581882,,,,,,,,,,,,,,,,,
1,583,G100,G100,20,10,ZZ,ZZZZZZZ ZZZZZZZZ,,ZZZZZZZZ,46120,46,ZZZZZZZ,"""ZZZZZZZZZ Z-7 ZZ.4,500""",999999999,,,,,,,,,,,,EN,Z28581882,,1,,,ZZZ28581882,,,,,,,,,,,,,,,,,
